{
    "$schema": "http://json-schema.org/draft-06/schema#",
    "$ref": "#/definitions/Values",
    "title": "Values",
    "definitions": {
        "Values": {
            "type": "object",
            "additionalProperties": true,
            "properties": {
                "app": {
                    "$ref": "#/definitions/App"
                },
                "image": {
                    "$ref": "#/definitions/Image"
                },
                "service": {
                    "$ref": "#/definitions/Service"
                },
                "ingress": {
                    "$ref": "#/definitions/Ingress"
                },
                "datasource": {
                    "$ref": "#/definitions/Datasource"
                },
                "accountManager": {
                    "$ref": "#/definitions/AccountManager"
                },
                "global": {
                    "type": "object",
                    "description": "Global value object",
                    "properties": {
                        "security": {
                            "$ref": "#/definitions/Security"
                        }
                    },
                    "required": [
                        "security"
                    ]
                },
                "ecmEndpoint": {
                    "type": "object",
                    "description": "ECM API endpoint",
                    "properties": {
                        "url": {
                            "type": "string",
                            "format": "uri"
                        },
                        "scope": {
                            "type": "string"
                        }
                    },
                    "required": [
                        "url"
                    ]
                },
                "token": {
                    "type": "object",
                    "properties": {
                        "key": {
                            "type": "string"
                        }
                    },
                    "required": [
                        "key"
                    ]
                }
            },
            "required": [
                "app",
                "accountManager",
                "image",
                "datasource",
                "global",
                "ecmEndpoint"
            ],
            "title": "Values"
        },
        "App": {
            "type": "object",
            "additionalProperties": false,
            "properties": {
                "replicaCount": {
                    "type": "integer"
                },
                "logLevel": {
                    "type": "string"
                },
                "ericssonLogCategoryLevel": {
                    "type": "string"
                },
                "targetIsOpenshift": {
                    "type": "boolean"
                }
            },
            "required": [
                "replicaCount"
            ],
            "title": "App"
        },
        "Service": {
            "type": "object",
            "additionalProperties": false,
            "properties": {
                "type": {
                    "type": "string"
                },
                "port": {
                    "type": "integer"
                },
                "targetPort": {
                    "type": "string"
                }
            },
            "required": [
                "type",
                "port",
                "targetPort"
            ],
            "title": "Service"
        },
        "Ingress": {
            "type": "object",
            "additionalProperties": false,
            "properties": {
                "enabled": {
                    "type": "boolean"
                },
                "annotations": {
                    "type": "object"
                },
                "hosts": {
                    "type": "array",
                    "items": {
                        "$ref": "#/definitions/Host"
                    }
                },
                "tls": {
                    "type": "array",
                    "items": {}
                }
            },
            "required": [
                "enabled",
                "hosts",
                "tls"
            ],
            "title": "Ingress"
        },
        "AccountManager": {
            "type": "object",
            "additionalProperties": false,
            "properties": {
                "host": {
                    "type": "string"
                },
                "port": {
                    "type": "integer"
                }
            },
            "required": [
                "host",
                "port"
            ],
            "title": "AccountManager"
        },
        "Datasource": {
            "type": "object",
            "additionalProperties": false,
            "properties": {
                "username": {
                    "type": "string"
                },
                "password": {
                    "type": "string"
                },
                "jdbc": {
                    "$ref": "#/definitions/JDBC"
                }
            },
            "required": [
                "username",
                "password",
                "jdbc"
            ],
            "title": "Datasource"
        },
        "Security": {
            "type": "object",
            "additionalProperties": false,
            "properties": {
                "publickey": {
                    "type": "string"
                }
            },
            "required": [
                "publickey"
            ],
            "title": "Security"
        },
        "JDBC": {
            "type": "object",
            "additionalProperties": false,
            "properties": {
                "url": {
                    "type": "string",
                    "format": "uri",
                    "qt-uri-protocols": [
                        "jdbc:postgresql"
                    ]
                },
                "minSize": {
                    "type": "integer"
                },
                "maxSize": {
                    "type": "integer"
                }
            },
            "required": [
                "url"
            ],
            "title": "JDBC"
        },
        "Image": {
            "type": "object",
            "additionalProperties": false,
            "properties": {
                "repository": {
                    "type": "string"
                },
                "tagOverride": {
                    "type": "string"
                },
                "pullPolicy": {
                    "type": "string",
                    "pattern": "^(Always|Never|IfNotPresent)$"
                },
                "imagePullSecret": {
                    "type": "string"
                }
            },
            "required": [
                "pullPolicy",
                "repository"
            ],
            "title": "Image"
        },
        "Host": {
            "type": "object",
            "additionalProperties": false,
            "properties": {
                "host": {
                    "type": "string"
                },
                "paths": {
                    "type": "array",
                    "items": {}
                }
            },
            "required": [
                "host",
                "paths"
            ],
            "title": "Host"
        }
    }
}
